{
    "attributes": {
        "description": "Malware Bazaar malware MD5 hashes ingested by the threat intel Filebeat module.",
        "kibanaSavedObjectMeta": {
            "searchSourceJSON": {
                "filter": [
                    {
                        "$state": {
                            "store": "appState"
                        },
                        "meta": {
                            "alias": null,
                            "disabled": false,
                            "indexRefName": "kibanaSavedObjectMeta.searchSourceJSON.filter[0].meta.index",
                            "key": "event.dataset",
                            "negate": false,
                            "params": {
                                "query": "threatintel.malwarebazaar"
                            },
                            "type": "phrase"
                        },
                        "query": {
                            "match_phrase": {
                                "event.dataset": "threatintel.malwarebazaar"
                            }
                        }
                    },
                    {
                        "$state": {
                            "store": "appState"
                        },
                        "exists": {
                            "field": "threatintel.indicator.file.hash.md5"
                        },
                        "meta": {
                            "alias": null,
                            "disabled": false,
                            "indexRefName": "kibanaSavedObjectMeta.searchSourceJSON.filter[1].meta.index",
                            "key": "threatintel.indicator.file.hash.md5",
                            "negate": false,
                            "type": "exists",
                            "value": "exists"
                        }
                    }
                ],
                "query": {
                    "language": "kuery",
                    "query": ""
                }
            }
        },
        "savedSearchRefName": "search_0",
        "title": "Malware Bazaar MD5 Hashes [Filebeat Threat Intel]",
        "uiStateJSON": {
            "vis": {
                "params": {
                    "colWidth": [
                        {
                            "colIndex": 0,
                            "width": 920.6666666666666
                        }
                    ]
                }
            }
        },
        "version": 1,
        "visState": {
            "aggs": [
                {
                    "enabled": true,
                    "id": "1",
                    "params": {},
                    "schema": "metric",
                    "type": "count"
                },
                {
                    "enabled": true,
                    "id": "2",
                    "params": {
                        "customLabel": "MD5 Hash",
                        "field": "threatintel.indicator.file.hash.md5",
                        "missingBucket": false,
                        "missingBucketLabel": "Missing",
                        "order": "desc",
                        "orderBy": "1",
                        "otherBucket": false,
                        "otherBucketLabel": "Other",
                        "size": 10
                    },
                    "schema": "bucket",
                    "type": "terms"
                }
            ],
            "params": {
                "perPage": 10,
                "percentageCol": "",
                "showMetricsAtAllLevels": false,
                "showPartialRows": false,
                "showToolbar": false,
                "showTotal": false,
                "totalFunc": "sum"
            },
            "title": "Malware Bazaar MD5 Hashes [Filebeat Threat Intel]",
            "type": "table"
        }
    },
    "coreMigrationVersion": "8.0.0",
    "id": "21ff17c0-82a6-11eb-ac13-d5ca87cb8fa2",
    "migrationVersion": {
        "visualization": "7.14.0"
    },
    "references": [
        {
            "id": "filebeat-*",
            "name": "kibanaSavedObjectMeta.searchSourceJSON.filter[0].meta.index",
            "type": "index-pattern"
        },
        {
            "id": "filebeat-*",
            "name": "kibanaSavedObjectMeta.searchSourceJSON.filter[1].meta.index",
            "type": "index-pattern"
        },
        {
            "id": "6acbb070-72d0-11eb-a3e3-b3cc7c78a70f",
            "name": "search_0",
            "type": "search"
        },
        {
            "id": "d6ef8f20-70a9-11eb-a3e3-b3cc7c78a70f",
            "name": "tag-d6ef8f20-70a9-11eb-a3e3-b3cc7c78a70f",
            "type": "tag"
        }
    ],
    "type": "visualization",
    "updated_at": "2021-08-04T16:34:30.070Z",
    "version": "WzQ2MjUsMV0="
}