{
    "attributes": {
        "description": "Microsoft Defender ATP counter for related Users",
        "kibanaSavedObjectMeta": {
            "searchSourceJSON": {
                "filter": [
                    {
                        "$state": {
                            "store": "appState"
                        },
                        "meta": {
                            "alias": null,
                            "disabled": false,
                            "indexRefName": "kibanaSavedObjectMeta.searchSourceJSON.filter[0].meta.index",
                            "key": "event.module",
                            "negate": false,
                            "params": {
                                "query": "microsoft"
                            },
                            "type": "phrase"
                        },
                        "query": {
                            "match_phrase": {
                                "event.module": "microsoft"
                            }
                        }
                    },
                    {
                        "$state": {
                            "store": "appState"
                        },
                        "meta": {
                            "alias": null,
                            "disabled": false,
                            "indexRefName": "kibanaSavedObjectMeta.searchSourceJSON.filter[1].meta.index",
                            "key": "event.dataset",
                            "negate": false,
                            "params": {
                                "query": "microsoft.defender_atp"
                            },
                            "type": "phrase"
                        },
                        "query": {
                            "match_phrase": {
                                "event.dataset": "microsoft.defender_atp"
                            }
                        }
                    }
                ],
                "indexRefName": "kibanaSavedObjectMeta.searchSourceJSON.index",
                "query": {
                    "language": "kuery",
                    "query": "event.dataset:\"microsoft.defender_atp\" "
                }
            }
        },
        "title": "ATP Related Users Counter [Filebeat Microsoft]",
        "uiStateJSON": {},
        "version": 1,
        "visState": {
            "aggs": [
                {
                    "enabled": true,
                    "id": "1",
                    "params": {
                        "customLabel": "Related Users",
                        "field": "host.user.name"
                    },
                    "schema": "metric",
                    "type": "cardinality"
                }
            ],
            "params": {
                "addLegend": false,
                "addTooltip": true,
                "metric": {
                    "colorSchema": "Green to Red",
                    "colorsRange": [
                        {
                            "from": 0,
                            "to": 10000
                        }
                    ],
                    "invertColors": false,
                    "labels": {
                        "show": true
                    },
                    "metricColorMode": "None",
                    "percentageMode": false,
                    "style": {
                        "bgColor": false,
                        "bgFill": "#000",
                        "fontSize": 30,
                        "labelColor": false,
                        "subText": ""
                    },
                    "useRanges": false
                },
                "type": "metric"
            },
            "title": "ATP Related Users Counter [Filebeat Microsoft]",
            "type": "metric"
        }
    },
    "coreMigrationVersion": "8.0.0",
    "id": "62f081c0-ca68-11ea-9d4d-9737a63aaa55",
    "migrationVersion": {
        "visualization": "7.14.0"
    },
    "references": [
        {
            "id": "filebeat-*",
            "name": "kibanaSavedObjectMeta.searchSourceJSON.index",
            "type": "index-pattern"
        },
        {
            "id": "filebeat-*",
            "name": "kibanaSavedObjectMeta.searchSourceJSON.filter[0].meta.index",
            "type": "index-pattern"
        },
        {
            "id": "filebeat-*",
            "name": "kibanaSavedObjectMeta.searchSourceJSON.filter[1].meta.index",
            "type": "index-pattern"
        }
    ],
    "type": "visualization",
    "updated_at": "2021-08-04T16:34:12.667Z",
    "version": "WzQ0NTIsMV0="
}