{
    "attributes": {
        "description": "AlienVault OTX URL scheme ingested by the threat intel Filebeat module.",
        "kibanaSavedObjectMeta": {
            "searchSourceJSON": {
                "filter": [],
                "query": {
                    "language": "kuery",
                    "query": ""
                }
            }
        },
        "savedSearchRefName": "search_0",
        "title": "AlientVault OTX URL Scheme [Filebeat Threat Intel]",
        "uiStateJSON": {
            "vis": {
                "colors": {
                    "http": "#65C5DB",
                    "https": "#F9934E"
                }
            }
        },
        "version": 1,
        "visState": {
            "aggs": [
                {
                    "enabled": true,
                    "id": "1",
                    "params": {},
                    "schema": "metric",
                    "type": "count"
                },
                {
                    "enabled": true,
                    "id": "2",
                    "params": {
                        "customLabel": "",
                        "field": "threatintel.indicator.url.scheme",
                        "missingBucket": false,
                        "missingBucketLabel": "Missing",
                        "order": "desc",
                        "orderBy": "1",
                        "otherBucket": false,
                        "otherBucketLabel": "Other",
                        "size": 10
                    },
                    "schema": "group",
                    "type": "terms"
                }
            ],
            "params": {
                "addLegend": true,
                "addTimeMarker": false,
                "addTooltip": true,
                "categoryAxes": [
                    {
                        "id": "CategoryAxis-1",
                        "labels": {
                            "filter": false,
                            "rotate": 0,
                            "show": true,
                            "truncate": 200
                        },
                        "position": "left",
                        "scale": {
                            "type": "linear"
                        },
                        "show": true,
                        "style": {},
                        "title": {},
                        "type": "category"
                    }
                ],
                "detailedTooltip": true,
                "grid": {
                    "categoryLines": true
                },
                "isVislibVis": true,
                "labels": {
                    "show": true
                },
                "legendPosition": "right",
                "palette": {
                    "name": "kibana_palette",
                    "type": "palette"
                },
                "seriesParams": [
                    {
                        "data": {
                            "id": "1",
                            "label": "Count"
                        },
                        "drawLinesBetweenPoints": true,
                        "lineWidth": 2,
                        "mode": "normal",
                        "show": true,
                        "showCircles": true,
                        "type": "histogram",
                        "valueAxis": "ValueAxis-1"
                    }
                ],
                "thresholdLine": {
                    "color": "#E7664C",
                    "show": false,
                    "style": "full",
                    "value": 10,
                    "width": 1
                },
                "times": [],
                "type": "histogram",
                "valueAxes": [
                    {
                        "id": "ValueAxis-1",
                        "labels": {
                            "filter": true,
                            "rotate": 75,
                            "show": true,
                            "truncate": 100
                        },
                        "name": "LeftAxis-1",
                        "position": "bottom",
                        "scale": {
                            "mode": "normal",
                            "type": "linear"
                        },
                        "show": true,
                        "style": {},
                        "title": {
                            "text": "Count"
                        },
                        "type": "value"
                    }
                ]
            },
            "title": "AlientVault OTX URL Scheme [Filebeat Threat Intel]",
            "type": "horizontal_bar"
        }
    },
    "coreMigrationVersion": "8.0.0",
    "id": "95f384b0-76d8-11eb-a3e3-b3cc7c78a70f",
    "migrationVersion": {
        "visualization": "7.14.0"
    },
    "references": [
        {
            "id": "6acbb070-72d0-11eb-a3e3-b3cc7c78a70f",
            "name": "search_0",
            "type": "search"
        },
        {
            "id": "d6ef8f20-70a9-11eb-a3e3-b3cc7c78a70f",
            "name": "tag-d6ef8f20-70a9-11eb-a3e3-b3cc7c78a70f",
            "type": "tag"
        }
    ],
    "type": "visualization",
    "updated_at": "2021-08-04T16:34:27.014Z",
    "version": "WzQ1NjQsMV0="
}