{
    "attributes": {
        "description": "",
        "kibanaSavedObjectMeta": {
            "searchSourceJSON": {
                "filter": []
            }
        },
        "savedSearchRefName": "search_0",
        "title": "Outcome by Device Type [Filebeat CEF]",
        "uiStateJSON": {
            "vis": {
                "colors": {
                    "/Failure": "#BF1B00",
                    "/Success": "#629E51"
                }
            }
        },
        "version": 1,
        "visState": {
            "aggs": [
                {
                    "enabled": true,
                    "id": "1",
                    "params": {},
                    "schema": "metric",
                    "type": "count"
                },
                {
                    "enabled": true,
                    "id": "2",
                    "params": {
                        "customLabel": "Firewall Types",
                        "field": "cef.extensions.categoryDeviceType",
                        "order": "desc",
                        "orderBy": "1",
                        "size": 10
                    },
                    "schema": "segment",
                    "type": "terms"
                },
                {
                    "enabled": true,
                    "id": "3",
                    "params": {
                        "customLabel": "Event Outcome",
                        "field": "cef.extensions.categoryOutcome",
                        "order": "desc",
                        "orderBy": "1",
                        "size": 3
                    },
                    "schema": "group",
                    "type": "terms"
                }
            ],
            "listeners": {},
            "params": {
                "addLegend": true,
                "addTimeMarker": false,
                "addTooltip": true,
                "categoryAxes": [
                    {
                        "id": "CategoryAxis-1",
                        "labels": {
                            "rotate": 75,
                            "show": true,
                            "truncate": 100
                        },
                        "position": "bottom",
                        "scale": {
                            "type": "linear"
                        },
                        "show": true,
                        "style": {},
                        "title": {
                            "text": "Firewall Types"
                        },
                        "type": "category"
                    }
                ],
                "defaultYExtents": false,
                "drawLinesBetweenPoints": true,
                "grid": {
                    "categoryLines": false,
                    "style": {
                        "color": "#eee"
                    }
                },
                "interpolate": "linear",
                "legendPosition": "right",
                "orderBucketsBySum": true,
                "radiusRatio": 9,
                "scale": "linear",
                "seriesParams": [
                    {
                        "data": {
                            "id": "1",
                            "label": "Count"
                        },
                        "drawLinesBetweenPoints": true,
                        "mode": "stacked",
                        "show": "true",
                        "showCircles": true,
                        "type": "histogram",
                        "valueAxis": "ValueAxis-1"
                    }
                ],
                "setYExtents": false,
                "showCircles": true,
                "times": [],
                "valueAxes": [
                    {
                        "id": "ValueAxis-1",
                        "labels": {
                            "filter": false,
                            "rotate": 0,
                            "show": true,
                            "truncate": 100
                        },
                        "name": "LeftAxis-1",
                        "position": "left",
                        "scale": {
                            "mode": "percentage",
                            "type": "square root"
                        },
                        "show": true,
                        "style": {},
                        "title": {},
                        "type": "value"
                    }
                ]
            },
            "title": "Outcome by Device Type [Filebeat CEF]",
            "type": "histogram"
        }
    },
    "coreMigrationVersion": "8.0.0",
    "id": "b1002b5c-08fc-4bbe-b9a0-6243a8637e60",
    "migrationVersion": {
        "visualization": "7.14.0"
    },
    "references": [
        {
            "id": "68202a5c-c8f2-432f-8c08-04fbfacb95c8",
            "name": "search_0",
            "type": "search"
        }
    ],
    "type": "visualization",
    "updated_at": "2021-08-04T16:34:39.286Z",
    "version": "WzQ3NTEsMV0="
}