{
    "attributes": {
        "description": "",
        "kibanaSavedObjectMeta": {
            "searchSourceJSON": {
                "filter": [],
                "query": {
                    "language": "kuery",
                    "query": "iptables.length:*"
                }
            }
        },
        "savedSearchRefName": "search_0",
        "title": "Network Type Breakdown [Filebeat Iptables] ECS",
        "uiStateJSON": {
            "vis": {
                "legendOpen": false
            }
        },
        "version": 1,
        "visState": {
            "aggs": [
                {
                    "enabled": true,
                    "id": "1",
                    "params": {},
                    "schema": "metric",
                    "type": "count"
                },
                {
                    "enabled": true,
                    "id": "2",
                    "params": {
                        "field": "network.type",
                        "missingBucket": true,
                        "missingBucketLabel": "Missing",
                        "order": "desc",
                        "orderBy": "1",
                        "otherBucket": true,
                        "otherBucketLabel": "Other",
                        "size": 5
                    },
                    "schema": "segment",
                    "type": "terms"
                }
            ],
            "params": {
                "addLegend": true,
                "addTooltip": true,
                "distinctColors": true,
                "isDonut": true,
                "labels": {
                    "last_level": true,
                    "show": true,
                    "truncate": 100,
                    "values": true
                },
                "legendPosition": "right",
                "palette": {
                    "name": "kibana_palette",
                    "type": "palette"
                },
                "type": "pie"
            },
            "title": "Network Type Breakdown [Filebeat Iptables] ECS",
            "type": "pie"
        }
    },
    "coreMigrationVersion": "8.0.0",
    "id": "b57b7370-1f1d-11e9-8ec4-cf5d91a864b3-ecs",
    "migrationVersion": {
        "visualization": "7.14.0"
    },
    "references": [
        {
            "id": "b3f1b010-1f26-11e9-8ec4-cf5d91a864b3-ecs",
            "name": "search_0",
            "type": "search"
        }
    ],
    "type": "visualization",
    "updated_at": "2021-08-04T16:33:44.176Z",
    "version": "WzQyNzYsMV0="
}