{
    "attributes": {
        "description": "Total number of AlienVault OTX indicators ingested by the threat intel Filebeat module.",
        "kibanaSavedObjectMeta": {
            "searchSourceJSON": {
                "filter": [
                    {
                        "$state": {
                            "store": "appState"
                        },
                        "meta": {
                            "alias": null,
                            "disabled": false,
                            "indexRefName": "kibanaSavedObjectMeta.searchSourceJSON.filter[0].meta.index",
                            "key": "event.dataset",
                            "negate": false,
                            "params": {
                                "query": "threatintel.otx"
                            },
                            "type": "phrase"
                        },
                        "query": {
                            "match_phrase": {
                                "event.dataset": "threatintel.otx"
                            }
                        }
                    }
                ],
                "query": {
                    "language": "kuery",
                    "query": ""
                }
            }
        },
        "savedSearchRefName": "search_0",
        "title": "AlienVault OTX Indicators [Filebeat Threat Intel]",
        "uiStateJSON": {},
        "version": 1,
        "visState": {
            "aggs": [
                {
                    "enabled": true,
                    "id": "1",
                    "params": {
                        "customLabel": "AlienVault OTX Indicators"
                    },
                    "schema": "metric",
                    "type": "count"
                }
            ],
            "params": {
                "addLegend": false,
                "addTooltip": true,
                "metric": {
                    "colorSchema": "Green to Red",
                    "colorsRange": [
                        {
                            "from": 0,
                            "to": 10000
                        }
                    ],
                    "invertColors": false,
                    "labels": {
                        "show": true
                    },
                    "metricColorMode": "None",
                    "percentageMode": false,
                    "style": {
                        "bgColor": false,
                        "bgFill": "#000",
                        "fontSize": 60,
                        "labelColor": false,
                        "subText": ""
                    },
                    "useRanges": false
                },
                "type": "metric"
            },
            "title": "AlienVault OTX Indicators [Filebeat Threat Intel]",
            "type": "metric"
        }
    },
    "coreMigrationVersion": "8.0.0",
    "id": "b5bd3a70-76ce-11eb-a3e3-b3cc7c78a70f",
    "migrationVersion": {
        "visualization": "7.14.0"
    },
    "references": [
        {
            "id": "filebeat-*",
            "name": "kibanaSavedObjectMeta.searchSourceJSON.filter[0].meta.index",
            "type": "index-pattern"
        },
        {
            "id": "6acbb070-72d0-11eb-a3e3-b3cc7c78a70f",
            "name": "search_0",
            "type": "search"
        },
        {
            "id": "d6ef8f20-70a9-11eb-a3e3-b3cc7c78a70f",
            "name": "tag-d6ef8f20-70a9-11eb-a3e3-b3cc7c78a70f",
            "type": "tag"
        }
    ],
    "type": "visualization",
    "updated_at": "2021-08-04T16:34:27.014Z",
    "version": "WzQ1NjUsMV0="
}