{
    "attributes": {
        "description": "",
        "kibanaSavedObjectMeta": {
            "searchSourceJSON": {
                "filter": [],
                "indexRefName": "kibanaSavedObjectMeta.searchSourceJSON.index",
                "query": {
                    "language": "kuery",
                    "query": ""
                }
            }
        },
        "title": "Top URL Domains [Filebeat Zeek]",
        "uiStateJSON": {},
        "version": 1,
        "visState": {
            "aggs": [
                {
                    "enabled": true,
                    "id": "1",
                    "params": {},
                    "schema": "metric",
                    "type": "count"
                },
                {
                    "enabled": true,
                    "id": "2",
                    "params": {
                        "field": "url.domain",
                        "missingBucket": false,
                        "missingBucketLabel": "Missing",
                        "order": "desc",
                        "orderBy": "1",
                        "otherBucket": false,
                        "otherBucketLabel": "Other",
                        "size": 10
                    },
                    "schema": "segment",
                    "type": "terms"
                }
            ],
            "params": {
                "addLegend": true,
                "addTooltip": true,
                "dimensions": {
                    "buckets": [
                        {
                            "accessor": 0,
                            "aggType": "terms",
                            "format": {
                                "id": "terms",
                                "params": {
                                    "id": "string",
                                    "missingBucketLabel": "Missing",
                                    "otherBucketLabel": "Other"
                                }
                            },
                            "params": {}
                        }
                    ],
                    "metric": {
                        "accessor": 1,
                        "aggType": "count",
                        "format": {
                            "id": "number"
                        },
                        "params": {}
                    }
                },
                "distinctColors": true,
                "isDonut": true,
                "labels": {
                    "last_level": true,
                    "show": false,
                    "truncate": 100,
                    "values": true
                },
                "legendPosition": "right",
                "palette": {
                    "name": "kibana_palette",
                    "type": "palette"
                },
                "type": "pie"
            },
            "title": "Top URL Domains [Filebeat Zeek]",
            "type": "pie"
        }
    },
    "coreMigrationVersion": "8.0.0",
    "id": "bec2f0e0-370d-11e9-aa6d-ff445a78330c",
    "migrationVersion": {
        "visualization": "7.14.0"
    },
    "references": [
        {
            "id": "filebeat-*",
            "name": "kibanaSavedObjectMeta.searchSourceJSON.index",
            "type": "index-pattern"
        }
    ],
    "type": "visualization",
    "updated_at": "2021-08-04T16:33:52.321Z",
    "version": "WzQzMjYsMV0="
}