{
    "attributes": {
        "description": "",
        "kibanaSavedObjectMeta": {
            "searchSourceJSON": {
                "filter": [],
                "query": {
                    "language": "kuery",
                    "query": ""
                }
            }
        },
        "title": "Control [Filebeat IBM MQ]",
        "uiStateJSON": {},
        "version": 1,
        "visState": {
            "aggs": [],
            "params": {
                "controls": [
                    {
                        "fieldName": "ibmmq.errorlog.qmgr",
                        "id": "1558522305526",
                        "indexPatternRefName": "kibanaSavedObjectMeta.searchSourceJSON.index",
                        "label": "Queue Manager",
                        "options": {
                            "dynamicOptions": true,
                            "multiselect": true,
                            "order": "desc",
                            "size": 5,
                            "type": "terms"
                        },
                        "parent": "",
                        "type": "list"
                    }
                ],
                "pinFilters": false,
                "updateFiltersOnChange": false,
                "useTimeFilter": false
            },
            "title": "Control [Filebeat IBM MQ]",
            "type": "input_control_vis"
        }
    },
    "coreMigrationVersion": "8.0.0",
    "id": "bf8e5de0-7c7f-11e9-9645-e37efaf5baff",
    "migrationVersion": {
        "visualization": "7.14.0"
    },
    "references": [
        {
            "id": "filebeat-*",
            "name": "kibanaSavedObjectMeta.searchSourceJSON.index",
            "type": "index-pattern"
        }
    ],
    "type": "visualization",
    "updated_at": "2021-08-04T16:33:43.104Z",
    "version": "WzQyNjYsMV0="
}