{
    "attributes": {
        "description": "",
        "kibanaSavedObjectMeta": {
            "searchSourceJSON": {
                "filter": [],
                "query": {
                    "query_string": {
                        "query": "*"
                    }
                }
            }
        },
        "title": " Dashboard Navigation [Filebeat CEF]",
        "uiStateJSON": {},
        "version": 1,
        "visState": {
            "aggs": [],
            "listeners": {},
            "params": {
                "markdown": "[Network Overview](#/dashboard/dd0bc9af-2e89-4150-9b42-62517ea56b71) | [Network Suspicious Activity](#/dashboard/db1e1aca-279e-4ecc-b84e-fe58644f7619) | [Endpoint Overview](#dashboard/c10ce1cf-f6b8-4de4-8715-2cb5f6770b3b) | [Endpoint OS Activity](#/dashboard/9e352900-89c3-4c1b-863e-249e24d0dac9) | [Microsoft DNS Overview](#/dashboard/56428e01-0c47-4770-8ba4-9345a029ea41)"
            },
            "title": " Dashboard Navigation [Filebeat CEF]",
            "type": "markdown"
        }
    },
    "coreMigrationVersion": "8.0.0",
    "id": "c394e650-b16c-407c-b305-bd409d69d433",
    "migrationVersion": {
        "visualization": "7.14.0"
    },
    "references": [],
    "type": "visualization",
    "updated_at": "2021-08-04T16:34:39.286Z",
    "version": "WzQ3NjAsMV0="
}