{
    "attributes": {
        "description": "",
        "kibanaSavedObjectMeta": {
            "searchSourceJSON": {
                "filter": []
            }
        },
        "savedSearchRefName": "search_0",
        "title": "Top 10 Destination Port [Filebeat CEF]",
        "uiStateJSON": {},
        "version": 1,
        "visState": {
            "aggs": [
                {
                    "enabled": true,
                    "id": "1",
                    "params": {},
                    "schema": "metric",
                    "type": "count"
                },
                {
                    "enabled": true,
                    "id": "2",
                    "params": {
                        "field": "destination.port",
                        "order": "desc",
                        "orderBy": "1",
                        "size": 20
                    },
                    "schema": "segment",
                    "type": "terms"
                }
            ],
            "listeners": {},
            "params": {
                "maxFontSize": 72,
                "minFontSize": 18,
                "orientation": "single",
                "palette": {
                    "name": "kibana_palette",
                    "type": "palette"
                },
                "scale": "linear"
            },
            "title": "Top 10 Destination Port [Filebeat CEF]",
            "type": "tagcloud"
        }
    },
    "coreMigrationVersion": "8.0.0",
    "id": "c5120e27-1f8c-41e3-83ee-78ec4d470c2f",
    "migrationVersion": {
        "visualization": "7.14.0"
    },
    "references": [
        {
            "id": "5cede2d3-20fe-4140-add4-4c4f841b71a2",
            "name": "search_0",
            "type": "search"
        }
    ],
    "type": "visualization",
    "updated_at": "2021-08-04T16:34:37.252Z",
    "version": "WzQ3MjAsMV0="
}