{
    "attributes": {
        "description": "",
        "kibanaSavedObjectMeta": {
            "searchSourceJSON": {
                "filter": [],
                "query": {
                    "language": "kuery",
                    "query": ""
                }
            }
        },
        "savedSearchRefName": "search_0",
        "title": "Alerts - Top Source Countries [Filebeat Suricata]",
        "uiStateJSON": {
            "vis": {
                "params": {
                    "sort": {
                        "columnIndex": null,
                        "direction": null
                    }
                }
            }
        },
        "version": 1,
        "visState": {
            "aggs": [
                {
                    "enabled": true,
                    "id": "1",
                    "params": {},
                    "schema": "metric",
                    "type": "count"
                },
                {
                    "enabled": true,
                    "id": "2",
                    "params": {
                        "customLabel": "Source Country",
                        "field": "source.geo.country_iso_code",
                        "missingBucket": false,
                        "missingBucketLabel": "Missing",
                        "order": "desc",
                        "orderBy": "1",
                        "otherBucket": false,
                        "otherBucketLabel": "Other",
                        "size": 10
                    },
                    "schema": "bucket",
                    "type": "terms"
                }
            ],
            "params": {
                "perPage": 5,
                "percentageCol": "",
                "showMetricsAtAllLevels": false,
                "showPartialRows": false,
                "showToolbar": true,
                "showTotal": false,
                "sort": {
                    "columnIndex": null,
                    "direction": null
                },
                "totalFunc": "sum"
            },
            "title": "Alerts - Top Source Countries [Filebeat Suricata]",
            "type": "table"
        }
    },
    "coreMigrationVersion": "8.0.0",
    "id": "c7b8b8f0-86d8-11e8-b59d-21efb914e65c-ecs",
    "migrationVersion": {
        "visualization": "7.14.0"
    },
    "references": [
        {
            "id": "1c2bcec0-86d1-11e8-b59d-21efb914e65c-ecs",
            "name": "search_0",
            "type": "search"
        }
    ],
    "type": "visualization",
    "updated_at": "2021-08-04T16:34:52.614Z",
    "version": "WzQ5MTAsMV0="
}