{
    "attributes": {
        "description": "",
        "kibanaSavedObjectMeta": {
            "searchSourceJSON": {
                "filter": [],
                "query": {
                    "language": "kuery",
                    "query": ""
                }
            }
        },
        "savedSearchRefName": "search_0",
        "title": "Activity Types over Time [Filebeat Suricata]",
        "uiStateJSON": {},
        "version": 1,
        "visState": {
            "aggs": [
                {
                    "enabled": true,
                    "id": "1",
                    "params": {},
                    "schema": "metric",
                    "type": "count"
                },
                {
                    "enabled": true,
                    "id": "2",
                    "params": {
                        "drop_partials": false,
                        "extended_bounds": {},
                        "field": "@timestamp",
                        "interval": "auto",
                        "min_doc_count": 1,
                        "scaleMetricValues": false,
                        "timeRange": {
                            "from": "now-6y",
                            "to": "now"
                        },
                        "useNormalizedEsInterval": true
                    },
                    "schema": "segment",
                    "type": "date_histogram"
                },
                {
                    "enabled": true,
                    "id": "3",
                    "params": {
                        "field": "suricata.eve.event_type",
                        "missingBucket": false,
                        "missingBucketLabel": "Missing",
                        "order": "desc",
                        "orderBy": "1",
                        "otherBucket": false,
                        "otherBucketLabel": "Other",
                        "size": 20
                    },
                    "schema": "group",
                    "type": "terms"
                }
            ],
            "params": {
                "addLegend": true,
                "addTimeMarker": false,
                "addTooltip": true,
                "categoryAxes": [
                    {
                        "id": "CategoryAxis-1",
                        "labels": {
                            "filter": true,
                            "show": true,
                            "truncate": 100
                        },
                        "position": "bottom",
                        "scale": {
                            "type": "linear"
                        },
                        "show": true,
                        "style": {},
                        "title": {},
                        "type": "category"
                    }
                ],
                "detailedTooltip": true,
                "grid": {
                    "categoryLines": false,
                    "style": {
                        "color": "#eee"
                    }
                },
                "isVislibVis": true,
                "labels": {
                    "show": false
                },
                "legendPosition": "right",
                "palette": {
                    "name": "kibana_palette",
                    "type": "palette"
                },
                "seriesParams": [
                    {
                        "data": {
                            "id": "1",
                            "label": "Count"
                        },
                        "drawLinesBetweenPoints": true,
                        "mode": "stacked",
                        "show": "true",
                        "showCircles": true,
                        "type": "histogram",
                        "valueAxis": "ValueAxis-1"
                    }
                ],
                "thresholdLine": {
                    "color": "#E7664C",
                    "show": false,
                    "style": "full",
                    "value": 10,
                    "width": 1
                },
                "times": [],
                "type": "histogram",
                "valueAxes": [
                    {
                        "id": "ValueAxis-1",
                        "labels": {
                            "filter": false,
                            "rotate": 0,
                            "show": true,
                            "truncate": 100
                        },
                        "name": "LeftAxis-1",
                        "position": "left",
                        "scale": {
                            "mode": "normal",
                            "type": "linear"
                        },
                        "show": true,
                        "style": {},
                        "title": {
                            "text": "Count"
                        },
                        "type": "value"
                    }
                ]
            },
            "title": "Activity Types over Time [Filebeat Suricata]",
            "type": "histogram"
        }
    },
    "coreMigrationVersion": "8.0.0",
    "id": "c7d46c60-86da-11e8-b59d-21efb914e65c-ecs",
    "migrationVersion": {
        "visualization": "7.14.0"
    },
    "references": [
        {
            "id": "13dd22f0-86cc-11e8-b59d-21efb914e65c-ecs",
            "name": "search_0",
            "type": "search"
        }
    ],
    "type": "visualization",
    "updated_at": "2021-08-04T16:34:53.687Z",
    "version": "WzQ5MTMsMV0="
}