{
    "attributes": {
        "description": "",
        "kibanaSavedObjectMeta": {
            "searchSourceJSON": {}
        },
        "title": "Time Series [Filebeat Okta]",
        "uiStateJSON": {},
        "version": 1,
        "visState": {
            "aggs": [],
            "params": {
                "axis_formatter": "number",
                "axis_position": "left",
                "axis_scale": "normal",
                "bar_color_rules": [
                    {
                        "id": "abd68650-67c6-11ea-8c7d-ed286611413e"
                    }
                ],
                "id": "61ca57f0-469d-11e7-af02-69e470af7417",
                "index_pattern": "filebeat-*",
                "interval": "",
                "isModelInvalid": false,
                "series": [
                    {
                        "axis_position": "right",
                        "chart_type": "line",
                        "color": "#68BC00",
                        "fill": 0.5,
                        "filter": {
                            "language": "kuery",
                            "query": "event.dataset : \"okta.system\""
                        },
                        "formatter": "number",
                        "id": "61ca57f1-469d-11e7-af02-69e470af7417",
                        "line_width": 1,
                        "metrics": [
                            {
                                "id": "61ca57f2-469d-11e7-af02-69e470af7417",
                                "type": "count"
                            }
                        ],
                        "point_size": 1,
                        "separate_axis": 0,
                        "split_color_mode": "gradient",
                        "split_mode": "everything",
                        "stacked": "none"
                    }
                ],
                "show_grid": 1,
                "show_legend": 1,
                "time_field": "",
                "type": "timeseries",
                "use_kibana_indexes": false
            },
            "title": "Time Series [Filebeat Okta]",
            "type": "metrics"
        }
    },
    "coreMigrationVersion": "8.0.0",
    "id": "cda883a0-67c6-11ea-a76f-bf44814e437d",
    "migrationVersion": {
        "visualization": "7.14.0"
    },
    "references": [],
    "type": "visualization",
    "updated_at": "2021-08-04T16:33:39.099Z",
    "version": "WzQyMzcsMV0="
}