{
    "attributes": {
        "description": "",
        "kibanaSavedObjectMeta": {
            "searchSourceJSON": {
                "filter": [],
                "query": {
                    "language": "kuery",
                    "query": ""
                }
            }
        },
        "savedSearchRefName": "search_0",
        "title": "ASA Firewall Blocked by Source [Filebeat Cisco]",
        "uiStateJSON": {
            "vis": {
                "params": {
                    "sort": {
                        "columnIndex": null,
                        "direction": null
                    }
                }
            }
        },
        "version": 1,
        "visState": {
            "aggs": [
                {
                    "enabled": true,
                    "id": "1",
                    "params": {
                        "customLabel": ""
                    },
                    "schema": "metric",
                    "type": "count"
                },
                {
                    "enabled": true,
                    "id": "2",
                    "params": {
                        "field": "source.ip",
                        "missingBucket": false,
                        "missingBucketLabel": "Missing",
                        "order": "desc",
                        "orderBy": "1",
                        "otherBucket": false,
                        "otherBucketLabel": "Other",
                        "size": 5
                    },
                    "schema": "bucket",
                    "type": "terms"
                }
            ],
            "params": {
                "perPage": 10,
                "showMetricsAtAllLevels": false,
                "showPartialRows": false,
                "showToolbar": true,
                "showTotal": false,
                "sort": {
                    "columnIndex": null,
                    "direction": null
                },
                "totalFunc": "sum"
            },
            "title": "ASA Firewall Blocked by Source [Filebeat Cisco]",
            "type": "table"
        }
    },
    "coreMigrationVersion": "8.0.0",
    "id": "d05cdf60-498b-11e9-b8ce-ed898b5ef295",
    "migrationVersion": {
        "visualization": "7.14.0"
    },
    "references": [
        {
            "id": "96c6ff60-4986-11e9-b8ce-ed898b5ef295",
            "name": "search_0",
            "type": "search"
        }
    ],
    "type": "visualization",
    "updated_at": "2021-08-04T16:33:41.092Z",
    "version": "WzQyNTAsMV0="
}