{
    "attributes": {
        "description": "",
        "kibanaSavedObjectMeta": {
            "searchSourceJSON": {
                "filter": [],
                "query": {
                    "query_string": {
                        "query": "*"
                    }
                }
            }
        },
        "title": "Ingress Interfaces (bytes) [Filebeat Netflow]",
        "uiStateJSON": {},
        "version": 1,
        "visState": {
            "aggs": [],
            "listeners": {},
            "params": {
                "expression": ".es(index=\"filebeat-*\", metric=\"sum:network.bytes\", split=\"netflow.ingress_interface:10\", kibana=true).scale_interval(1s).fit(mode=scale).if(operator=\"lt\", if=0, then=0).trim(start=2,end=1).label(regex=\"^.* netflow.ingress_interface:(.+) > .*$\", label=\"$1\").lines(width=1, stack=true, fill=1).yaxis(label=\"bytes / sec\", min=0)",
                "interval": "auto"
            },
            "title": "Ingress Interfaces (bytes) [Filebeat Netflow]",
            "type": "timelion"
        }
    },
    "coreMigrationVersion": "8.0.0",
    "id": "d3df8d28-65f8-4ea1-8b33-f479380a0600",
    "migrationVersion": {
        "visualization": "7.14.0"
    },
    "references": [],
    "type": "visualization",
    "updated_at": "2021-08-04T16:34:44.454Z",
    "version": "WzQ4MDksMV0="
}