{
    "attributes": {
        "description": "",
        "kibanaSavedObjectMeta": {
            "searchSourceJSON": {
                "filter": [],
                "query": {
                    "query_string": {
                        "query": "*"
                    }
                }
            }
        },
        "title": "Countries (packets) [Filebeat Netflow]",
        "uiStateJSON": {},
        "version": 1,
        "visState": {
            "aggs": [],
            "listeners": {},
            "params": {
                "expression": ".es(index=\"filebeat-*\", metric=\"sum:network.packets\", split=\"destination.geo.country_name:10\", kibana=true).scale_interval(1s).fit(mode=scale).if(operator=\"lt\", if=0, then=0).trim(start=2,end=1).label(regex=\"^.* destination.geo.country_name:(.+) > .*$\", label=\"$1\").lines(width=1, stack=true, fill=1).yaxis(label=\"packets / sec\", min=0)",
                "interval": "auto"
            },
            "title": "Countries (packets) [Filebeat Netflow]",
            "type": "timelion"
        }
    },
    "coreMigrationVersion": "8.0.0",
    "id": "d41a9663-e5ad-47a7-955e-3803ae4e23c0",
    "migrationVersion": {
        "visualization": "7.14.0"
    },
    "references": [],
    "type": "visualization",
    "updated_at": "2021-08-04T16:34:49.565Z",
    "version": "WzQ4NzUsMV0="
}