{
    "attributes": {
        "description": "",
        "kibanaSavedObjectMeta": {
            "searchSourceJSON": {}
        },
        "savedSearchRefName": "search_0",
        "title": "Audit Event Type [Filebeat o365]",
        "uiStateJSON": {},
        "version": 1,
        "visState": {
            "aggs": [
                {
                    "enabled": true,
                    "id": "1",
                    "params": {},
                    "schema": "metric",
                    "type": "count"
                },
                {
                    "enabled": true,
                    "id": "2",
                    "params": {
                        "field": "event.kind",
                        "missingBucket": true,
                        "missingBucketLabel": "Missing",
                        "order": "desc",
                        "orderBy": "1",
                        "otherBucket": true,
                        "otherBucketLabel": "Other",
                        "size": 5
                    },
                    "schema": "segment",
                    "type": "terms"
                }
            ],
            "params": {
                "addLegend": true,
                "addTooltip": true,
                "dimensions": {
                    "metric": {
                        "accessor": 0,
                        "aggType": "count",
                        "format": {
                            "id": "number"
                        },
                        "label": "Count",
                        "params": {}
                    }
                },
                "distinctColors": true,
                "isDonut": true,
                "labels": {
                    "last_level": true,
                    "show": false,
                    "truncate": 100,
                    "values": true
                },
                "legendPosition": "right",
                "palette": {
                    "name": "kibana_palette",
                    "type": "palette"
                },
                "type": "pie"
            },
            "title": "Audit Event Type [Filebeat o365]",
            "type": "pie"
        }
    },
    "coreMigrationVersion": "8.0.0",
    "id": "d43c95a0-6864-11ea-8d6a-292ef5d68366",
    "migrationVersion": {
        "visualization": "7.14.0"
    },
    "references": [
        {
            "id": "fdc14020-6859-11ea-8d6a-292ef5d68366",
            "name": "search_0",
            "type": "search"
        }
    ],
    "type": "visualization",
    "updated_at": "2021-08-04T16:33:49.253Z",
    "version": "WzQzMDcsMV0="
}