{
    "attributes": {
        "description": "",
        "kibanaSavedObjectMeta": {
            "searchSourceJSON": {
                "filter": [],
                "indexRefName": "kibanaSavedObjectMeta.searchSourceJSON.index",
                "query": {
                    "language": "kuery",
                    "query": "event.dataset :\"azure.activitylogs\" "
                }
            }
        },
        "title": "Resource Creations [Filebeat Azure]",
        "uiStateJSON": {},
        "version": 1,
        "visState": {
            "aggs": [
                {
                    "enabled": true,
                    "id": "1",
                    "params": {},
                    "schema": "metric",
                    "type": "count"
                },
                {
                    "enabled": true,
                    "id": "2",
                    "params": {
                        "customLabel": "Resource type",
                        "field": "azure.resource.provider",
                        "missingBucket": false,
                        "missingBucketLabel": "Missing",
                        "order": "desc",
                        "orderBy": "1",
                        "otherBucket": false,
                        "otherBucketLabel": "Other",
                        "size": 15
                    },
                    "schema": "segment",
                    "type": "terms"
                },
                {
                    "enabled": true,
                    "id": "4",
                    "params": {
                        "customLabel": "Creations",
                        "field": "azure.activitylogs.identity.authorization.action",
                        "include": ".*write",
                        "missingBucket": false,
                        "missingBucketLabel": "Missing",
                        "order": "desc",
                        "orderBy": "1",
                        "otherBucket": false,
                        "otherBucketLabel": "Other",
                        "size": 15
                    },
                    "schema": "group",
                    "type": "terms"
                }
            ],
            "params": {
                "addLegend": true,
                "addTimeMarker": false,
                "addTooltip": true,
                "categoryAxes": [
                    {
                        "id": "CategoryAxis-1",
                        "labels": {
                            "filter": false,
                            "rotate": 0,
                            "show": true,
                            "truncate": 200
                        },
                        "position": "left",
                        "scale": {
                            "type": "linear"
                        },
                        "show": true,
                        "style": {},
                        "title": {},
                        "type": "category"
                    }
                ],
                "detailedTooltip": true,
                "dimensions": {
                    "series": [
                        {
                            "accessor": 1,
                            "aggType": "terms",
                            "format": {
                                "id": "terms",
                                "params": {
                                    "id": "string",
                                    "missingBucketLabel": "Missing",
                                    "otherBucketLabel": "Other"
                                }
                            },
                            "label": "Creations",
                            "params": {}
                        }
                    ],
                    "x": {
                        "accessor": 0,
                        "aggType": "terms",
                        "format": {
                            "id": "terms",
                            "params": {
                                "id": "string",
                                "missingBucketLabel": "Missing",
                                "otherBucketLabel": "Other"
                            }
                        },
                        "label": "Resource type",
                        "params": {}
                    },
                    "y": [
                        {
                            "accessor": 2,
                            "aggType": "count",
                            "format": {
                                "id": "number"
                            },
                            "label": "Count",
                            "params": {}
                        }
                    ]
                },
                "grid": {
                    "categoryLines": false,
                    "valueAxis": ""
                },
                "isVislibVis": true,
                "labels": {},
                "legendPosition": "right",
                "palette": {
                    "name": "kibana_palette",
                    "type": "palette"
                },
                "seriesParams": [
                    {
                        "data": {
                            "id": "1",
                            "label": "Count"
                        },
                        "drawLinesBetweenPoints": true,
                        "lineWidth": 2,
                        "mode": "stacked",
                        "show": true,
                        "showCircles": true,
                        "type": "histogram",
                        "valueAxis": "ValueAxis-1"
                    }
                ],
                "thresholdLine": {
                    "color": "#E7664C",
                    "show": false,
                    "style": "full",
                    "value": 10,
                    "width": 1
                },
                "times": [],
                "type": "histogram",
                "valueAxes": [
                    {
                        "id": "ValueAxis-1",
                        "labels": {
                            "filter": true,
                            "rotate": 75,
                            "show": true,
                            "truncate": 100
                        },
                        "name": "LeftAxis-1",
                        "position": "bottom",
                        "scale": {
                            "mode": "normal",
                            "type": "linear"
                        },
                        "show": false,
                        "style": {},
                        "title": {
                            "text": "Count"
                        },
                        "type": "value"
                    }
                ]
            },
            "title": "Resource Creations [Filebeat Azure]",
            "type": "horizontal_bar"
        }
    },
    "coreMigrationVersion": "8.0.0",
    "id": "d91ce8d0-53e8-11ea-b1b7-7de801e1c297",
    "migrationVersion": {
        "visualization": "7.14.0"
    },
    "references": [
        {
            "id": "filebeat-*",
            "name": "kibanaSavedObjectMeta.searchSourceJSON.index",
            "type": "index-pattern"
        }
    ],
    "type": "visualization",
    "updated_at": "2021-08-04T16:34:03.514Z",
    "version": "WzQ0MDcsMV0="
}