{
    "attributes": {
        "description": "",
        "kibanaSavedObjectMeta": {
            "searchSourceJSON": {
                "filter": []
            }
        },
        "savedSearchRefName": "search_0",
        "title": "Top 5 Sources by Destination Ports [Filebeat CEF]",
        "uiStateJSON": {
            "vis": {
                "params": {
                    "sort": {
                        "columnIndex": null,
                        "direction": null
                    }
                }
            }
        },
        "version": 1,
        "visState": {
            "aggs": [
                {
                    "enabled": true,
                    "id": "2",
                    "params": {
                        "customLabel": "Destination Ports",
                        "field": "destination.port"
                    },
                    "schema": "metric",
                    "type": "cardinality"
                },
                {
                    "enabled": true,
                    "id": "1",
                    "params": {
                        "customLabel": "Event Count"
                    },
                    "schema": "metric",
                    "type": "count"
                },
                {
                    "enabled": true,
                    "id": "4",
                    "params": {
                        "customLabel": "Source Address",
                        "field": "source.ip",
                        "order": "desc",
                        "orderBy": "2",
                        "size": 5
                    },
                    "schema": "bucket",
                    "type": "terms"
                }
            ],
            "listeners": {},
            "params": {
                "perPage": 10,
                "showMeticsAtAllLevels": false,
                "showPartialRows": false,
                "showToolbar": true,
                "showTotal": false,
                "sort": {
                    "columnIndex": null,
                    "direction": null
                },
                "totalFunc": "sum"
            },
            "title": "Top 5 Sources by Destination Ports [Filebeat CEF]",
            "type": "table"
        }
    },
    "coreMigrationVersion": "8.0.0",
    "id": "f03d734b-b85c-4e99-9c0e-9c89716a81f3",
    "migrationVersion": {
        "visualization": "7.14.0"
    },
    "references": [
        {
            "id": "68202a5c-c8f2-432f-8c08-04fbfacb95c8",
            "name": "search_0",
            "type": "search"
        }
    ],
    "type": "visualization",
    "updated_at": "2021-08-04T16:34:40.331Z",
    "version": "WzQ3NjcsMV0="
}