{
    "attributes": {
        "description": "",
        "kibanaSavedObjectMeta": {
            "searchSourceJSON": {
                "filter": [],
                "indexRefName": "kibanaSavedObjectMeta.searchSourceJSON.index",
                "query": {
                    "query_string": {
                        "analyze_wildcard": true,
                        "query": "*"
                    }
                }
            }
        },
        "title": "ToS Count [Filebeat Netflow]",
        "uiStateJSON": {
            "vis": {
                "defaultColors": {
                    "0 - 100": "rgb(0,104,55)"
                }
            }
        },
        "version": 1,
        "visState": {
            "aggs": [
                {
                    "enabled": true,
                    "id": "1",
                    "params": {
                        "customLabel": "Types of Service",
                        "field": "netflow.ip_class_of_service"
                    },
                    "schema": "metric",
                    "type": "cardinality"
                }
            ],
            "listeners": {},
            "params": {
                "addLegend": false,
                "addTooltip": true,
                "fontSize": "32",
                "gauge": {
                    "autoExtend": false,
                    "backStyle": "Full",
                    "colorSchema": "Green to Red",
                    "colorsRange": [
                        {
                            "from": 0,
                            "to": 100
                        }
                    ],
                    "gaugeColorMode": "None",
                    "gaugeStyle": "Full",
                    "gaugeType": "Metric",
                    "invertColors": false,
                    "labels": {
                        "color": "black",
                        "show": true
                    },
                    "orientation": "vertical",
                    "percentageMode": false,
                    "scale": {
                        "color": "#333",
                        "labels": false,
                        "show": false,
                        "width": 2
                    },
                    "style": {
                        "bgColor": false,
                        "bgFill": "#000",
                        "fontSize": "36",
                        "labelColor": false,
                        "subText": ""
                    },
                    "type": "simple",
                    "useRange": false,
                    "verticalSplit": false
                },
                "handleNoResults": true,
                "type": "gauge"
            },
            "title": "ToS Count [Filebeat Netflow]",
            "type": "metric"
        }
    },
    "coreMigrationVersion": "8.0.0",
    "id": "f27c1479-0625-4cdc-92de-672e47db0f87",
    "migrationVersion": {
        "visualization": "7.14.0"
    },
    "references": [
        {
            "id": "filebeat-*",
            "name": "kibanaSavedObjectMeta.searchSourceJSON.index",
            "type": "index-pattern"
        }
    ],
    "type": "visualization",
    "updated_at": "2021-08-04T16:34:49.565Z",
    "version": "WzQ4ODEsMV0="
}