{
    "attributes": {
        "description": "",
        "kibanaSavedObjectMeta": {
            "searchSourceJSON": {
                "filter": [],
                "indexRefName": "kibanaSavedObjectMeta.searchSourceJSON.index",
                "query": {
                    "query_string": {
                        "analyze_wildcard": true,
                        "query": "*"
                    }
                }
            }
        },
        "title": "Destination Geo Location Heatmap [Filebeat Netflow]",
        "uiStateJSON": {
            "mapCenter": [
                8.407168163601076,
                9.4921875
            ]
        },
        "version": 1,
        "visState": {
            "aggs": [
                {
                    "enabled": true,
                    "id": "1",
                    "params": {
                        "customLabel": "Records"
                    },
                    "schema": "metric",
                    "type": "count"
                },
                {
                    "enabled": true,
                    "id": "2",
                    "params": {
                        "autoPrecision": true,
                        "customLabel": "Location",
                        "field": "destination.geo.location",
                        "precision": 2
                    },
                    "schema": "segment",
                    "type": "geohash_grid"
                }
            ],
            "listeners": {},
            "params": {
                "addTooltip": true,
                "heatBlur": "16",
                "heatMaxZoom": 16,
                "heatMinOpacity": "0.32",
                "heatNormalizeData": true,
                "heatRadius": "24",
                "isDesaturated": true,
                "legendPosition": "bottomright",
                "mapCenter": [
                    15,
                    5
                ],
                "mapType": "Heatmap",
                "mapZoom": 2,
                "wms": {
                    "enabled": false,
                    "options": {
                        "attribution": "Maps provided by USGS",
                        "format": "image/png",
                        "layers": "0",
                        "styles": "",
                        "transparent": true,
                        "version": "1.3.0"
                    },
                    "url": "https://basemap.nationalmap.gov/arcgis/services/USGSTopo/MapServer/WMSServer"
                }
            },
            "title": "Destination Geo Location Heatmap [Filebeat Netflow]",
            "type": "tile_map"
        }
    },
    "coreMigrationVersion": "8.0.0",
    "id": "f4c8cb5a-7336-449e-ab99-6e867b435b85",
    "migrationVersion": {
        "visualization": "7.14.0"
    },
    "references": [
        {
            "id": "filebeat-*",
            "name": "kibanaSavedObjectMeta.searchSourceJSON.index",
            "type": "index-pattern"
        }
    ],
    "type": "visualization",
    "updated_at": "2021-08-04T16:34:46.471Z",
    "version": "WzQ4MTYsMV0="
}