{
    "attributes": {
        "description": "",
        "kibanaSavedObjectMeta": {
            "searchSourceJSON": {
                "filter": []
            }
        },
        "savedSearchRefName": "search_0",
        "title": "Top 10 Application Protocols [Filebeat CEF]",
        "uiStateJSON": {},
        "version": 1,
        "visState": {
            "aggs": [
                {
                    "enabled": true,
                    "id": "1",
                    "params": {},
                    "schema": "metric",
                    "type": "count"
                },
                {
                    "enabled": true,
                    "id": "2",
                    "params": {
                        "field": "network.application",
                        "order": "desc",
                        "orderBy": "1",
                        "size": 20
                    },
                    "schema": "segment",
                    "type": "terms"
                }
            ],
            "listeners": {},
            "params": {
                "hideLabel": false,
                "maxFontSize": 72,
                "minFontSize": 26,
                "orientation": "single",
                "palette": {
                    "name": "kibana_palette",
                    "type": "palette"
                },
                "scale": "square root"
            },
            "title": "Top 10 Application Protocols [Filebeat CEF]",
            "type": "tagcloud"
        }
    },
    "coreMigrationVersion": "8.0.0",
    "id": "f5258de9-71f7-410f-b713-201007f77470",
    "migrationVersion": {
        "visualization": "7.14.0"
    },
    "references": [
        {
            "id": "68202a5c-c8f2-432f-8c08-04fbfacb95c8",
            "name": "search_0",
            "type": "search"
        }
    ],
    "type": "visualization",
    "updated_at": "2021-08-04T16:34:39.286Z",
    "version": "WzQ3NDYsMV0="
}