{
    "attributes": {
        "description": "",
        "kibanaSavedObjectMeta": {
            "searchSourceJSON": {
                "filter": []
            }
        },
        "savedSearchRefName": "search_0",
        "title": "Device Types by Vendor [Filebeat CEF]",
        "uiStateJSON": {},
        "version": 1,
        "visState": {
            "aggs": [
                {
                    "enabled": true,
                    "id": "1",
                    "params": {},
                    "schema": "metric",
                    "type": "count"
                },
                {
                    "enabled": true,
                    "id": "2",
                    "params": {
                        "exclude": "Network-based IDS/IPS",
                        "field": "cef.extensions.categoryDeviceType",
                        "order": "desc",
                        "orderBy": "1",
                        "size": 5
                    },
                    "schema": "segment",
                    "type": "terms"
                },
                {
                    "enabled": true,
                    "id": "3",
                    "params": {
                        "exclude": "",
                        "field": "cef.device.vendor",
                        "order": "desc",
                        "orderBy": "1",
                        "size": 5
                    },
                    "schema": "segment",
                    "type": "terms"
                }
            ],
            "listeners": {},
            "params": {
                "addLegend": true,
                "addTooltip": true,
                "distinctColors": true,
                "isDonut": false,
                "legendPosition": "right",
                "palette": {
                    "name": "kibana_palette",
                    "type": "palette"
                }
            },
            "title": "Device Types by Vendor [Filebeat CEF]",
            "type": "pie"
        }
    },
    "coreMigrationVersion": "8.0.0",
    "id": "f57734dd-0f32-42b4-94dd-5d597f6735e1",
    "migrationVersion": {
        "visualization": "7.14.0"
    },
    "references": [
        {
            "id": "5cede2d3-20fe-4140-add4-4c4f841b71a2",
            "name": "search_0",
            "type": "search"
        }
    ],
    "type": "visualization",
    "updated_at": "2021-08-04T16:34:37.252Z",
    "version": "WzQ3MjUsMV0="
}