{
    "attributes": {
        "description": "",
        "kibanaSavedObjectMeta": {
            "searchSourceJSON": {
                "filter": [],
                "query": {
                    "query_string": {
                        "query": "*"
                    }
                }
            }
        },
        "title": "Source Ports (bytes) [Filebeat Netflow]",
        "uiStateJSON": {},
        "version": 1,
        "visState": {
            "aggs": [],
            "listeners": {},
            "params": {
                "expression": ".es(index=\"filebeat-*\", metric=\"sum:network.bytes\", split=\"source.port:10\", kibana=true).scale_interval(1s).fit(mode=scale).if(operator=\"lt\", if=0, then=0).trim(start=2,end=1).label(regex=\"^.* source.port:(.+) > .*$\", label=\"$1\").lines(width=1, stack=true, fill=1).yaxis(label=\"bytes / sec\", min=0)",
                "interval": "auto"
            },
            "title": "Source Ports (bytes) [Filebeat Netflow]",
            "type": "timelion"
        }
    },
    "coreMigrationVersion": "8.0.0",
    "id": "f668ecdb-eec7-44c6-9060-26aaf9fc8404",
    "migrationVersion": {
        "visualization": "7.14.0"
    },
    "references": [],
    "type": "visualization",
    "updated_at": "2021-08-04T16:34:49.565Z",
    "version": "WzQ4NTQsMV0="
}