{
    "attributes": {
        "description": "",
        "kibanaSavedObjectMeta": {
            "searchSourceJSON": {}
        },
        "title": "Number of Sessions Overtime [Filebeat Zeek]",
        "uiStateJSON": {},
        "version": 1,
        "visState": {
            "aggs": [],
            "params": {
                "axis_formatter": "number",
                "axis_position": "left",
                "axis_scale": "normal",
                "id": "61ca57f0-469d-11e7-af02-69e470af7417",
                "index_pattern": "filebeat-*",
                "interval": "auto",
                "series": [
                    {
                        "axis_position": "right",
                        "chart_type": "line",
                        "color": "#68BC00",
                        "fill": 0.5,
                        "formatter": "number",
                        "id": "61ca57f1-469d-11e7-af02-69e470af7417",
                        "line_width": 1,
                        "metrics": [
                            {
                                "id": "61ca57f2-469d-11e7-af02-69e470af7417",
                                "type": "count"
                            }
                        ],
                        "point_size": 1,
                        "separate_axis": 0,
                        "split_color_mode": "gradient",
                        "split_mode": "everything",
                        "stacked": "none"
                    }
                ],
                "show_grid": 1,
                "show_legend": 1,
                "time_field": "@timestamp",
                "type": "timeseries",
                "use_kibana_indexes": false
            },
            "title": "Number of Sessions Overtime [Filebeat Zeek]",
            "type": "metrics"
        }
    },
    "coreMigrationVersion": "8.0.0",
    "id": "f8c40810-370d-11e9-aa6d-ff445a78330c",
    "migrationVersion": {
        "visualization": "7.14.0"
    },
    "references": [],
    "type": "visualization",
    "updated_at": "2021-08-04T16:33:52.321Z",
    "version": "WzQzMjgsMV0="
}