{
    "attributes": {
        "description": "Tags for indicators ingested by the threat intel Filebeat module.",
        "kibanaSavedObjectMeta": {
            "searchSourceJSON": {
                "filter": [],
                "query": {
                    "language": "kuery",
                    "query": ""
                }
            }
        },
        "savedSearchRefName": "search_0",
        "title": "Indicator Tag Cloud [Filebeat Threat Intel]",
        "uiStateJSON": {},
        "version": 1,
        "visState": {
            "aggs": [
                {
                    "enabled": true,
                    "id": "1",
                    "params": {},
                    "schema": "metric",
                    "type": "count"
                },
                {
                    "enabled": true,
                    "id": "2",
                    "params": {
                        "exclude": "forwarded|threatintel-anomali|threatintel-otx|threatintel-abuseurls|threatintel-abusemalware",
                        "field": "tags",
                        "missingBucket": false,
                        "missingBucketLabel": "Missing",
                        "order": "desc",
                        "orderBy": "1",
                        "otherBucket": false,
                        "otherBucketLabel": "Other",
                        "size": 100
                    },
                    "schema": "segment",
                    "type": "terms"
                }
            ],
            "params": {
                "maxFontSize": 30,
                "minFontSize": 5,
                "orientation": "single",
                "palette": {
                    "name": "kibana_palette",
                    "type": "palette"
                },
                "scale": "linear",
                "showLabel": false
            },
            "title": "Indicator Tag Cloud [Filebeat Threat Intel]",
            "type": "tagcloud"
        }
    },
    "coreMigrationVersion": "8.0.0",
    "id": "f9f89660-72d9-11eb-a3e3-b3cc7c78a70f",
    "migrationVersion": {
        "visualization": "7.14.0"
    },
    "references": [
        {
            "id": "6acbb070-72d0-11eb-a3e3-b3cc7c78a70f",
            "name": "search_0",
            "type": "search"
        },
        {
            "id": "d6ef8f20-70a9-11eb-a3e3-b3cc7c78a70f",
            "name": "tag-d6ef8f20-70a9-11eb-a3e3-b3cc7c78a70f",
            "type": "tag"
        }
    ],
    "type": "visualization",
    "updated_at": "2021-08-04T16:34:32.145Z",
    "version": "WzQ2NTQsMV0="
}