{
    "attributes": {
        "description": "",
        "kibanaSavedObjectMeta": {
            "searchSourceJSON": {
                "filter": []
            }
        },
        "savedSearchRefName": "search_0",
        "title": "Destination Ports by Outcomes [Filebeat CEF]",
        "uiStateJSON": {},
        "version": 1,
        "visState": {
            "aggs": [
                {
                    "enabled": true,
                    "id": "1",
                    "params": {},
                    "schema": "metric",
                    "type": "count"
                },
                {
                    "enabled": true,
                    "id": "2",
                    "params": {
                        "field": "destination.port",
                        "order": "desc",
                        "orderBy": "1",
                        "size": 20
                    },
                    "schema": "segment",
                    "type": "terms"
                },
                {
                    "enabled": true,
                    "id": "3",
                    "params": {
                        "field": "cef.extensions.categoryOutcome",
                        "order": "desc",
                        "orderBy": "1",
                        "size": 5
                    },
                    "schema": "group",
                    "type": "terms"
                }
            ],
            "listeners": {},
            "params": {
                "addLegend": true,
                "addTimeMarker": false,
                "addTooltip": true,
                "categoryAxes": [
                    {
                        "id": "CategoryAxis-1",
                        "labels": {
                            "show": true,
                            "truncate": 100
                        },
                        "position": "bottom",
                        "scale": {
                            "type": "linear"
                        },
                        "show": true,
                        "style": {},
                        "title": {
                            "text": "destination.port: Descending"
                        },
                        "type": "category"
                    }
                ],
                "defaultYExtents": false,
                "drawLinesBetweenPoints": true,
                "grid": {
                    "categoryLines": false,
                    "style": {
                        "color": "#eee"
                    }
                },
                "interpolate": "linear",
                "legendPosition": "right",
                "radiusRatio": 9,
                "scale": "linear",
                "seriesParams": [
                    {
                        "data": {
                            "id": "1",
                            "label": "Count"
                        },
                        "drawLinesBetweenPoints": true,
                        "mode": "stacked",
                        "show": "true",
                        "showCircles": true,
                        "type": "histogram",
                        "valueAxis": "ValueAxis-1"
                    }
                ],
                "setYExtents": false,
                "showCircles": true,
                "times": [],
                "valueAxes": [
                    {
                        "id": "ValueAxis-1",
                        "labels": {
                            "filter": false,
                            "rotate": 0,
                            "show": true,
                            "truncate": 100
                        },
                        "name": "LeftAxis-1",
                        "position": "left",
                        "scale": {
                            "defaultYExtents": true,
                            "mode": "normal",
                            "setYExtents": false,
                            "type": "square root"
                        },
                        "show": true,
                        "style": {},
                        "title": {},
                        "type": "value"
                    }
                ]
            },
            "title": "Destination Ports by Outcomes [Filebeat CEF]",
            "type": "histogram"
        }
    },
    "coreMigrationVersion": "8.0.0",
    "id": "fe7b63d1-dbc7-4376-af7f-ace97a9f2e60",
    "migrationVersion": {
        "visualization": "7.14.0"
    },
    "references": [
        {
            "id": "5cede2d3-20fe-4140-add4-4c4f841b71a2",
            "name": "search_0",
            "type": "search"
        }
    ],
    "type": "visualization",
    "updated_at": "2021-08-04T16:34:37.252Z",
    "version": "WzQ3MTcsMV0="
}